model_name,n_seeds,params_mean,best_test_acc_mean,best_test_acc_std,min_test_loss_mean,min_test_loss_std,accuracy_efficiency_mean,accuracy_efficiency_std,loss_efficiency_mean,loss_efficiency_std
naive_branch,10,10634,0.8134,0.007604092465391398,0.5260335194826126,0.016943997007788463,0.8094014348674134,0.007003491614215915,0.5286190917847021,0.01667040644184802
mlp_param,10,10527,0.8124,0.011149987543590447,0.5436567710638046,0.019638565166290017,0.8092905549870826,0.011074181225731406,0.5457577601518218,0.02010676283921221
dann_lrf,10,10634,0.81115,0.008306791063809013,0.5234468888282776,0.02077668910300967,0.8067368621225945,0.008482130991349947,0.5263106327913726,0.020864955057925162
