model_name,n_seeds,params_mean,best_test_acc_mean,best_test_acc_std,min_test_loss_mean,min_test_loss_std,accuracy_efficiency_mean,accuracy_efficiency_std,loss_efficiency_mean,loss_efficiency_std
dann_lrf,10,10634,0.83775,0.007161820066621805,0.4589874351978302,0.015582645381053393,0.8314764271933903,0.006760158921201746,0.4624269693056263,0.01492758504886461
naive_branch,10,10634,0.8366,0.006975353435888087,0.4663377597093582,0.015998963713188145,0.8303239750380355,0.007417852362385675,0.46986831775363846,0.016244437076993683
mlp_param,10,10527,0.8331999999999999,0.007739509028355751,0.487632252907753,0.01452167885898586,0.8280650134234986,0.008396695526757248,0.49066840307363085,0.014925798948091795
