model_name,n_seeds,params_mean,best_test_acc_mean,best_test_acc_std,min_test_loss_mean,min_test_loss_std,accuracy_efficiency_mean,accuracy_efficiency_std,loss_efficiency_mean,loss_efficiency_std
vann_same,10,1640330,0.53582,0.002188759161412394,1.3459374890327453,0.009450545351701173,0.38215286749671284,0.0034032604702021866,1.8872716796095954,0.021443159412474825
dann_lrf,10,10634,0.47919,0.004808430097235484,1.458683156528473,0.009331072667699327,0.46736012388205694,0.0047103257345710225,1.4956104933738525,0.01029543578748906
naive_branch,10,10634,0.46743,0.003344331854878582,1.5046830726242066,0.006699237213665411,0.4557686063210755,0.0033299225901927995,1.5431837009428926,0.006859657235045444
mlp_param,10,9271,0.30701,0.014286858763679775,1.8659181039619446,0.02765477224243647,0.30323686908278424,0.014162218283408324,1.8891742768382405,0.02979948247397639
