model_name,n_seeds,params_mean,best_test_acc_mean,best_test_acc_std,min_test_loss_mean,min_test_loss_std,accuracy_efficiency_mean,accuracy_efficiency_std,loss_efficiency_mean,loss_efficiency_std
vann_same,10,468874,0.8954,0.0023823424513607456,0.3224954854142666,0.0041240753074111266,0.7109859066517573,0.009741423051788196,0.40618005619877634,0.00552093247201234
dann_lrf,10,10634,0.87062,0.0016625281952496122,0.365749992262125,0.006467232988732469,0.8557412708174061,0.001824692264353287,0.37210906284023687,0.006561987792498302
dann_grf,10,10634,0.86881,0.002968520020331874,0.37555141993284225,0.005431682259338313,0.8537429475402956,0.0032632633196192015,0.38217587324943997,0.005224368971968989
naive_branch,10,10634,0.86761,0.0022781327636660982,0.37646604910314085,0.0051793680883694265,0.8525642747225017,0.002852096975354994,0.38310982723295084,0.005217164641970405
dann_random,10,10634,0.86556,0.0018869140002778274,0.3756459497904778,0.0026832442756606983,0.851294099181009,0.004220069141132227,0.3819474471087336,0.003168213104430268
mlp_param,10,10527,0.85445,0.002984869250812241,0.41450719449758533,0.006562413460160713,0.8441860158114128,0.007057871104248218,0.41957658311240575,0.00784887270502819
