model_name,n_seeds,params_mean,best_test_acc_mean,best_test_acc_std,min_test_loss_mean,min_test_loss_std,accuracy_efficiency_mean,accuracy_efficiency_std,loss_efficiency_mean,loss_efficiency_std
vann_same,10,1640330,0.44795,0.00801543649605075,1.595004736328125,0.02321920429914741,0.3193041310391247,0.0066154569139165965,2.237856460048069,0.04081623969303973
dann_lrf,10,10634,0.40015,0.008768789350113642,1.7034129138946534,0.011421409374617877,0.3938557453239262,0.008848165316860952,1.7306557555455673,0.011897295989003074
naive_branch,10,10634,0.3961,0.007441624673267114,1.7117770234107972,0.016407153485802625,0.39008151850037004,0.00752514814659745,1.7382103143565892,0.017497045194264343
mlp_param,10,9271,0.269,0.01433527118683145,1.959094627380371,0.025307788756120456,0.2681755551011492,0.01425108941197382,1.9651096158074737,0.026126802511787665
