dataset,model_name,n_seeds,params_mean,acc_mean,train_seconds_per_epoch_mean,train_total_seconds_mean,inference_ms_per_1000_samples_mean
fashionmnist,dann_lrf,3,10634.0,0.8517,5.92592307709856,59.259230770985596,67.38785774447024
fashionmnist,mlp_param,3,10527.0,0.8409666666666666,4.042578593400928,40.425785934009276,49.814155757582434
fashionmnist,naive_branch,3,10634.0,0.8457666666666667,5.7560373614969045,57.560373614969045,66.70554707835738
fashionmnist,vann_same,3,468874.0,0.8808666666666666,6.547576160600875,65.47576160600875,59.833182846195996
