dataset,model_name,n_seeds,params_mean,acc_mean,train_seconds_per_epoch_mean,train_total_seconds_mean,inference_ms_per_1000_samples_mean
cifar10,dann_lrf,3,10634.0,0.4371666666666667,5.2803821302019065,52.80382130201906,70.2147323397609
cifar10,mlp_param,3,9271.0,0.28609999999999997,3.89133009116631,38.9133009116631,61.86437464552
cifar10,naive_branch,3,10634.0,0.42819999999999997,5.095400028163567,50.95400028163567,67.96108856797218
cifar10,vann_same,3,1640330.0,0.49363333333333337,8.040979374269954,80.40979374269955,85.13014924091597
