model_name,n_seeds,params_mean,best_test_acc_mean,best_test_acc_std,min_test_loss_mean,min_test_loss_std,accuracy_efficiency_mean,accuracy_efficiency_std,loss_efficiency_mean,loss_efficiency_std
vann_same,10,468874,0.91447,0.0030485151212425376,0.3763588802468777,0.00803403155905603,0.7625387744264954,0.007423816326222498,0.45136866129628833,0.009948170347761513
dann_random,10,10634,0.8152200000000001,0.0033512186838024747,0.6267886121463776,0.009361036996353716,0.8037131402958418,0.0040520081196780315,0.635777315494469,0.0103728117211904
dann_lrf,10,10634,0.81127,0.0058835080238465376,0.6373138637781144,0.019402135684999645,0.7996020847541971,0.005867196072159247,0.6466238379358062,0.020047467150165067
naive_branch,10,10634,0.8109500000000001,0.00447840497399588,0.6389400385093689,0.011563614816667886,0.7992869120275041,0.004549567144093273,0.6482591548377301,0.01144190668083724
dann_grf,10,10634,0.78975,0.0037783741359361245,0.7084148166275024,0.010523146635784674,0.7781736612625348,0.0034612141463801174,0.7189439091927532,0.01001516774108129
mlp_param,10,10527,0.77156,0.004141980202753271,0.7812878562545776,0.010774289736398017,0.7632368737985038,0.006569793904747591,0.7898236592890244,0.01087197254249009
